factors	Df	SumOfSqs	R2	F	Pr(>F)
donor_status	1	4.2222488177640045	0.5200887865984245	49.851063103850734	1e-4
Residual	46	3.8960742966009376	0.47991121340157566	NA	NA
Total	47	8.11832311436494	1	NA	NA
